text,ward
"Hamare mohalle ki main sadak par bade gadde hain, bike se roz log gir rahe hain",Ward 3
"Pani ki supply 4 din se band hai, tanker bhi nahi aa raha",Ward 7
"Primary health centre mein doctor hafte mein sirf 2 din aate hain",Ward 5
"Street lights kharab hain, raat ko chori ka darr rehta hai",Ward 3
"School ki chhat se barish mein paani tapakta hai, bachche bheeg jate hain",Ward 2
"Naali ka gandaa paani sadak par beh raha hai, machhar aur bimari phail rahi hai",Ward 7
"Kooda 10 din se uthaya nahi gaya, badbu se rehna mushkil hai",Ward 4
"Gaon mein bijli din mein sirf 5 ghante aati hai, kisan pump nahi chala paate",Ward 9
"Bus stop par shed nahi hai, garmi aur barish mein bahut takleef hoti hai",Ward 1
"Suggestion: gaon mein ek library aur computer centre khola jaye yuvaon ke liye",Ward 6
"Hospital mein dawaiyan khatam hain, mareezon ko bahar se kharidni padti hai",Ward 5
"Nadi kinare ka pul toot gaya hai, bachche school nahi ja paa rahe",Ward 9
"Bijli ka taar neeche latak raha hai, kabhi bhi haadsa ho sakta hai",Ward 4
"Suggestion: sadak kinare ped lagaye jayen aur park banaya jaye",Ward 2
"Hand pump kharab hai, poore tole mein sirf ek hi chalu hai",Ward 8
