text,ward,category,urgency,english_summary
"Hamare mohalle ki main sadak par bade gadde hain, bike se roz log gir rahe hain",Ward 3,Roads,4,Large potholes on the main road are causing daily bike accidents.
"Pani ki supply 4 din se band hai, tanker bhi nahi aa raha",Ward 7,Water,4,No water supply for 4 days and no tanker is coming.
"Primary health centre mein doctor hafte mein sirf 2 din aate hain",Ward 5,Health,4,The primary health centre has a doctor only 2 days a week.
"Street lights kharab hain, raat ko chori ka darr rehta hai",Ward 3,Safety,3,Broken street lights make the area feel unsafe at night.
"School ki chhat se barish mein paani tapakta hai, bachche bheeg jate hain",Ward 2,Education,3,The school roof leaks in the rain and children get wet.
"Naali ka gandaa paani sadak par beh raha hai, machhar aur bimari phail rahi hai",Ward 7,Sanitation,4,Sewage is overflowing onto the road and spreading disease.
"Kooda 10 din se uthaya nahi gaya, badbu se rehna mushkil hai",Ward 4,Sanitation,3,Garbage has not been collected for 10 days.
"Gaon mein bijli din mein sirf 5 ghante aati hai, kisan pump nahi chala paate",Ward 9,Electricity,4,Only 5 hours of electricity a day; farmers cannot run pumps.
"Bus stop par shed nahi hai, garmi aur barish mein bahut takleef hoti hai",Ward 1,Transport,2,The bus stop has no shelter from heat and rain.
"Suggestion: gaon mein ek library aur computer centre khola jaye yuvaon ke liye",Ward 6,Education,1,Suggestion: open a library and computer centre for youth.
"Hospital mein dawaiyan khatam hain, mareezon ko bahar se kharidni padti hai",Ward 5,Health,5,Hospital has run out of medicines; patients buy them outside.
"Nadi kinare ka pul toot gaya hai, bachche school nahi ja paa rahe",Ward 9,Roads,5,A broken bridge is stopping children from reaching school.
"Bijli ka taar neeche latak raha hai, kabhi bhi haadsa ho sakta hai",Ward 4,Electricity,5,A low-hanging live wire is a serious accident risk.
"Suggestion: sadak kinare ped lagaye jayen aur park banaya jaye",Ward 2,Environment,1,Suggestion: plant trees along the road and build a park.
"Hand pump kharab hai, poore tole mein sirf ek hi chalu hai",Ward 8,Water,3,Only one working hand pump serves the whole locality.
